{
  "warning_count": 0,
  "error_count": 0,
  "message_list": [],
  "token_expiration_minutes": 0,
  "used_vehicles": {
    "used_vehicle_list": [
      {
        "publish_date": "8/28/2020",
        "data_freq": "D",
        "state": "NT",
        "country": "US",
        "vin": "102633593",
        "uvc": "2017300901",
        "groupnum": "0016",
        "model_year": "2017",
        "make": "Ford",
        "model": "Fusion",
        "series": "SE",
        "style": "4D Sedan",
        "mileage_cat": "B",
        "class_code": "C",
        "class_name": "Mid-Size Car",
        "description_score": "",
        "first_values_flag": false,
        "risk_score": "",
        "region2": -50,
        "region3": 100,
        "region4": -100,
        "region5": 0,
        "region6": 0,
        "msrp": 23610,
        "retail_equipped": 24675,
        "price_includes": "AT AC",
        "wheel_base": 112.2,
        "tire_size": "235/50R17",
        "gvw": 3285,
        "seat_cap": "5",
        "fuel_type": "Gas",
        "fuel_cap": "16.5",
        "fuel_delivery": "SMPI",
        "hwy_mpg": "32",
        "city_mpg": "21",
        "engine_description": "1.5L I-4 DI DOHC Ecoboost",
        "cylinders": "4",
        "engine_displacement": "1.5L",
        "base_hp": "175 @ 6000",
        "taxable_hp": 15.5,
        "torque": "175 @ 4500",
        "oil_cap": "5.0",
        "transmission": "A",
        "drivetrain": "FWD",
        "num_gears": "6",
        "ext_doors": "4",
        "airbags": "Side Curtain",
        "anti_corrosion_warranty": "5-year/Unlimited-mile",
        "basic_warranty": "3-year/36,000-mile",
        "powertrain_warranty": "5-year/60,000-mile",
        "road_assist_warranty": "5-year/60,000-mile",
        "add_deduct_list": [
          {
            "uoc": "8C",
            "name": "18-Inch Al Whl",
            "xclean": 325,
            "clean": 325,
            "avg": 325,
            "rough": 325,
            "auto": "N",
            "resid12": 300,
            "resid24": 275,
            "resid30": 250,
            "resid36": 250,
            "resid42": 225,
            "resid48": 225,
            "resid60": 200,
            "resid72": 175
          },
          {
            "uoc": "2D",
            "name": "1.5L 4cyl Ecoboost",
            "xclean": 400,
            "clean": 400,
            "avg": 400,
            "rough": 400,
            "auto": "Y",
            "resid12": 350,
            "resid24": 300,
            "resid30": 275,
            "resid36": 250,
            "resid42": 225,
            "resid48": 200,
            "resid60": 150,
            "resid72": 100
          },
          {
            "uoc": "N5",
            "name": "Navigation System",
            "xclean": 450,
            "clean": 450,
            "avg": 450,
            "rough": 450,
            "auto": "N",
            "resid12": 400,
            "resid24": 350,
            "resid30": 325,
            "resid36": 300,
            "resid42": 275,
            "resid48": 250,
            "resid60": 200,
            "resid72": 150
          },
          {
            "uoc": "12",
            "name": "Power Moonroof",
            "xclean": 550,
            "clean": 550,
            "avg": 550,
            "rough": 550,
            "auto": "N",
            "resid12": 500,
            "resid24": 450,
            "resid30": 425,
            "resid36": 400,
            "resid42": 375,
            "resid48": 350,
            "resid60": 300,
            "resid72": 250
          },
          {
            "uoc": "20",
            "name": "Leather",
            "xclean": 625,
            "clean": 625,
            "avg": 625,
            "rough": 625,
            "auto": "N",
            "resid12": 575,
            "resid24": 525,
            "resid30": 500,
            "resid36": 475,
            "resid42": 450,
            "resid48": 425,
            "resid60": 375,
            "resid72": 325
          },
          {
            "uoc": "2V",
            "name": "2.0L 4cyl Ecoboost",
            "xclean": 1000,
            "clean": 1000,
            "avg": 1000,
            "rough": 1000,
            "auto": "N",
            "resid12": 900,
            "resid24": 800,
            "resid30": 750,
            "resid36": 700,
            "resid42": 650,
            "resid48": 600,
            "resid60": 500,
            "resid72": 400
          }
        ],
        
        "model_number_list": [
          "P0H"
        ]
      }
    ],
    "template": 1,
    "version": 1,
    "data_included": true,
    "data_available": true
  }
}