{
  "warning_count": 0,
  "error_count": 0,
  "message_list": [],
  "token_expiration_minutes": 0,
  "used_vehicles": {
    "used_vehicle_list": [
      {
        "publish_date": "8/28/2020",
        "data_freq": "D",
        "state": "NT",
        "country": "US",
        "vin": "102298407",
        "uvc": "2017160869",
        "groupnum": "0141",
        "model_year": "2017",
        "make": "Chevrolet",
        "model": "Malibu",
        "series": "LT",
        "style": "4D Sedan",
        "mileage_cat": "B",
        "class_code": "C",
        "class_name": "Mid-Size Car",
        "description_score": "",
        "first_values_flag": false,
        "risk_score": "",
        "region2": -50,
        "region3": 75,
        "region4": -150,
        "region5": 0,
        "region6": 0,
        "msrp": 25125,
        "retail_equipped": 26000,
        "price_includes": "AT AC",
        "wheel_base": 111.4,
        "tire_size": "225/55R17",
        "gvw": 3126,
        "seat_cap": "5",
        "fuel_type": "Gas",
        "fuel_cap": "13.0",
        "fuel_delivery": "Direct injection",
        "hwy_mpg": "36",
        "city_mpg": "27",
        "engine_description": "1.5L I-4 DI DOHC T/C",
        "cylinders": "4",
        "engine_displacement": "1.5L",
        "engine_turbocharged": "Turbocharg",
        "base_hp": "160 @ 5700",
        "taxable_hp": 13.5,
        "torque": "184 @ 3000",
        "oil_cap": "4.0",
        "transmission": "A",
        "drivetrain": "FWD",
        "num_gears": "6",
        "ext_doors": "4",
        "airbags": "Side Curtain",
        "anti_corrosion_warranty": "6-year/100,000-mile",
        "basic_warranty": "3-year/36,000-mile, Limited",
        "powertrain_warranty": "5-year/60,000-miles, Limited",
        "road_assist_warranty": "5-year/60,000-mile",
        "add_deduct_list": [
          {
            "uoc": "8C",
            "name": "18-Inch Wheels",
            "xclean": 225,
            "clean": 225,
            "avg": 225,
            "rough": 225,
            "auto": "N",
            "resid12": 200,
            "resid24": 175,
            "resid30": 150,
            "resid36": 150,
            "resid42": 125,
            "resid48": 125,
            "resid60": 100,
            "resid72": 100
          },
          {
            "uoc": "N5",
            "name": "Navigation System",
            "xclean": 500,
            "clean": 500,
            "avg": 500,
            "rough": 500,
            "auto": "N",
            "resid12": 450,
            "resid24": 400,
            "resid30": 375,
            "resid36": 350,
            "resid42": 325,
            "resid48": 300,
            "resid60": 250,
            "resid72": 200
          },
          {
            "uoc": "12",
            "name": "Sunroof",
            "xclean": 600,
            "clean": 600,
            "avg": 600,
            "rough": 600,
            "auto": "N",
            "resid12": 550,
            "resid24": 500,
            "resid30": 475,
            "resid36": 450,
            "resid42": 425,
            "resid48": 400,
            "resid60": 350,
            "resid72": 300
          },
          {
            "uoc": "20",
            "name": "Leather",
            "xclean": 650,
            "clean": 650,
            "avg": 650,
            "rough": 650,
            "auto": "N",
            "resid12": 600,
            "resid24": 550,
            "resid30": 525,
            "resid36": 500,
            "resid42": 475,
            "resid48": 450,
            "resid60": 400,
            "resid72": 350
          }
        ],
       
        "model_number_list": [
          "1ZD69"
        ]
      }
    ],
    "template": 1,
    "version": 1,
    "data_included": true,
    "data_available": true
  }
}