{
  "warning_count": 0,
  "error_count": 0,
  "message_list": [],
  "token_expiration_minutes": 0,
  "used_vehicles": {
    "used_vehicle_list": [
      {
        "publish_date": "8/28/2020",
        "data_freq": "D",
        "state": "NT",
        "country": "US",
        "vin": "102280487",
        "uvc": "2019485072",
        "groupnum": "4107",
        "model_year": "2019",
        "make": "Kia",
        "model": "Soul",
        "series": "+",
        "style": "4D Wagon",
        "mileage_cat": "B",
        "class_code": "A",
        "class_name": "Small Car",
        "description_score": "",
        "first_values_flag": false,
        "risk_score": "",
        "region2": -50,
        "region3": 200,
        "region4": -100,
        "region5": 0,
        "region6": 0,
        "msrp": 20490,
        "retail_equipped": 21430,
        "price_includes": "AT AC",
        "wheel_base": 101.2,
        "tire_size": "215/55R17",
        "gvw": 3232,
        "seat_cap": "5",
        "fuel_type": "Gas",
        "fuel_cap": "14.2",
        "fuel_delivery": "GDI",
        "hwy_mpg": "30",
        "city_mpg": "25",
        "engine_description": "2.0L I-4 DI DOHC",
        "cylinders": "4",
        "engine_displacement": "2.0L",
        "base_hp": "161 @ 6200",
        "taxable_hp": 16.6,
        "torque": "150 @ 4700",
        "oil_cap": "4.0",
        "transmission": "A",
        "drivetrain": "FWD",
        "num_gears": "6",
        "ext_doors": "4",
        "airbags": "Side Curtain",
        "anti_corrosion_warranty": "5-year/100,000-mile, Limited",
        "basic_warranty": "5-year/60,000-mile, Limited",
        "powertrain_warranty": "10-year/100,000-mile, Limited",
        "road_assist_warranty": "5-year/60,000-mile",
        "add_deduct_list": [
          {
            "uoc": "8C",
            "name": "18-Inch Wheels",
            "xclean": 350,
            "clean": 350,
            "avg": 350,
            "rough": 350,
            "auto": "N",
            "resid12": 300,
            "resid24": 250,
            "resid30": 225,
            "resid36": 200,
            "resid42": 175,
            "resid48": 150,
            "resid60": 100,
            "resid72": 50
          },
          {
            "uoc": "W2",
            "name": "Primo Pkg",
            "xclean": 1600,
            "clean": 1600,
            "avg": 1600,
            "rough": 1600,
            "auto": "N",
            "resid12": 1500,
            "resid24": 1400,
            "resid30": 1350,
            "resid36": 1300,
            "resid42": 1250,
            "resid48": 1200,
            "resid60": 1100,
            "resid72": 1000
          }
        ],
        
        "model_number_list": [
          "B2522"
        ]
      }
    ],
    "template": 1,
    "version": 1,
    "data_included": true,
    "data_available": true
  }
}